County,Month,Year,Max Temperature,Avg Temperature,Min Temperature,Dew Point,Precipitation,Wind,Sea Level Pressure
kisii,January,2010,29.0°C (84.2°F),23.0°C (73.4°F),18.0°C (64.4°F),18.0°C (64.4°F),21.1mm | 0.83in,16.0kmh | 9.94mph,21.1mb
kisii,February,2010,30.0°C (86.0°F),24.0°C (75.2°F),19.0°C (66.2°F),18.0°C (64.4°F),61.3mm | 2.41in,18.0kmh | 11.18mph,61.3mb
kisii,March,2010,28.0°C (82.4°F),23.0°C (73.4°F),18.0°C (64.4°F),18.0°C (64.4°F),88.3mm | 3.48in,16.0kmh | 9.94mph,88.3mb
kisii,April,2010,26.0°C (78.8°F),23.0°C (73.4°F),17.0°C (62.6°F),18.0°C (64.4°F),95.3mm | 3.75in,12.0kmh | 7.46mph,95.3mb
kisii,May,2010,25.0°C (77.0°F),21.0°C (69.8°F),17.0°C (62.6°F),18.0°C (64.4°F),81.7mm | 3.22in,14.0kmh | 8.7mph,81.7mb
kisii,June,2010,24.0°C (75.2°F),21.0°C (69.8°F),17.0°C (62.6°F),18.0°C (64.4°F),66.5mm | 2.62in,13.0kmh | 8.08mph,66.5mb
kisii,July,2010,25.0°C (77.0°F),20.0°C (68.0°F),16.0°C (60.8°F),17.0°C (62.6°F),23.1mm | 0.91in,14.0kmh | 8.7mph,23.1mb
kisii,August,2010,26.0°C (78.8°F),21.0°C (69.8°F),15.0°C (59.0°F),16.0°C (60.8°F),49.4mm | 1.94in,17.0kmh | 10.56mph,49.4mb
kisii,September,2010,27.0°C (80.6°F),22.0°C (71.6°F),16.0°C (60.8°F),17.0°C (62.6°F),29.0mm | 1.14in,19.0kmh | 11.81mph,29.0mb
kisii,October,2010,27.0°C (80.6°F),22.0°C (71.6°F),17.0°C (62.6°F),17.0°C (62.6°F),30.9mm | 1.22in,18.0kmh | 11.18mph,30.9mb
kisii,November,2010,25.0°C (77.0°F),21.0°C (69.8°F),18.0°C (64.4°F),17.0°C (62.6°F),28.7mm | 1.13in,15.0kmh | 9.32mph,28.7mb
kisii,December,2010,26.0°C (78.8°F),21.0°C (69.8°F),16.0°C (60.8°F),16.0°C (60.8°F),16.5mm | 0.65in,15.0kmh | 9.32mph,16.5mb
kisii,January,2011,29.0°C (84.2°F),22.0°C (71.6°F),17.0°C (62.6°F),16.0°C (60.8°F),13.7mm | 0.54in,15.0kmh | 9.32mph,13.7mb
kisii,February,2011,31.0°C (87.8°F),23.0°C (73.4°F),17.0°C (62.6°F),16.0°C (60.8°F),18.1mm | 0.71in,17.0kmh | 10.56mph,18.1mb
kisii,March,2011,33.0°C (91.4°F),25.0°C (77.0°F),17.0°C (62.6°F),17.0°C (62.6°F),49.8mm | 1.96in,17.0kmh | 10.56mph,49.8mb
kisii,April,2011,28.0°C (82.4°F),22.0°C (71.6°F),16.0°C (60.8°F),18.0°C (64.4°F),40.0mm | 1.57in,16.0kmh | 9.94mph,40.0mb
kisii,May,2011,24.0°C (75.2°F),21.0°C (69.8°F),17.0°C (62.6°F),18.0°C (64.4°F),58.1mm | 2.29in,16.0kmh | 9.94mph,58.1mb
kisii,June,2011,24.0°C (75.2°F),20.0°C (68.0°F),17.0°C (62.6°F),18.0°C (64.4°F),32.8mm | 1.29in,12.0kmh | 7.46mph,32.8mb
kisii,July,2011,24.0°C (75.2°F),20.0°C (68.0°F),16.0°C (60.8°F),17.0°C (62.6°F),21.6mm | 0.85in,13.0kmh | 8.08mph,21.6mb
kisii,August,2011,25.0°C (77.0°F),21.0°C (69.8°F),16.0°C (60.8°F),16.0°C (60.8°F),37.0mm | 1.46in,14.0kmh | 8.7mph,37.0mb
kisii,September,2011,26.0°C (78.8°F),21.0°C (69.8°F),16.0°C (60.8°F),16.0°C (60.8°F),57.1mm | 2.25in,17.0kmh | 10.56mph,57.1mb
kisii,October,2011,27.0°C (80.6°F),22.0°C (71.6°F),16.0°C (60.8°F),17.0°C (62.6°F),27.9mm | 1.1in,21.0kmh | 13.05mph,27.9mb
kisii,November,2011,26.0°C (78.8°F),21.0°C (69.8°F),18.0°C (64.4°F),18.0°C (64.4°F),36.0mm | 1.42in,17.0kmh | 10.56mph,36.0mb
kisii,December,2011,25.0°C (77.0°F),21.0°C (69.8°F),18.0°C (64.4°F),18.0°C (64.4°F),30.2mm | 1.19in,14.0kmh | 8.7mph,30.2mb
kisumu,January,2010,34.0°C (93.2°F),27.0°C (80.6°F),19.0°C (66.2°F),19.0°C (66.2°F),11.5mm | 0.45in,20.0kmh | 12.43mph,11.5mb
kisumu,February,2010,35.0°C (95.0°F),28.0°C (82.4°F),20.0°C (68.0°F),20.0°C (68.0°F),42.9mm | 1.69in,20.0kmh | 12.43mph,42.9mb
kisumu,March,2010,34.0°C (93.2°F),27.0°C (80.6°F),21.0°C (69.8°F),20.0°C (68.0°F),77.8mm | 3.06in,21.0kmh | 13.05mph,77.8mb
kisumu,April,2010,30.0°C (86.0°F),26.0°C (78.8°F),20.0°C (68.0°F),21.0°C (69.8°F),64.9mm | 2.56in,13.0kmh | 8.08mph,64.9mb
kisumu,May,2010,29.0°C (84.2°F),24.0°C (75.2°F),20.0°C (68.0°F),21.0°C (69.8°F),103.3mm | 4.07in,13.0kmh | 8.08mph,103.3mb
kisumu,June,2010,28.0°C (82.4°F),23.0°C (73.4°F),18.0°C (64.4°F),19.0°C (66.2°F),50.0mm | 1.97in,11.0kmh | 6.84mph,50.0mb
kisumu,July,2010,28.0°C (82.4°F),23.0°C (73.4°F),18.0°C (64.4°F),18.0°C (64.4°F),61.1mm | 2.41in,12.0kmh | 7.46mph,61.1mb
kisumu,August,2010,28.0°C (82.4°F),24.0°C (75.2°F),18.0°C (64.4°F),18.0°C (64.4°F),60.7mm | 2.39in,12.0kmh | 7.46mph,60.7mb
kisumu,September,2010,29.0°C (84.2°F),24.0°C (75.2°F),18.0°C (64.4°F),19.0°C (66.2°F),45.2mm | 1.78in,14.0kmh | 8.7mph,45.2mb
kisumu,October,2010,30.0°C (86.0°F),25.0°C (77.0°F),19.0°C (66.2°F),19.0°C (66.2°F),33.9mm | 1.33in,13.0kmh | 8.08mph,33.9mb
kisumu,November,2010,30.0°C (86.0°F),24.0°C (75.2°F),18.0°C (64.4°F),19.0°C (66.2°F),25.5mm | 1.0in,15.0kmh | 9.32mph,25.5mb
kisumu,December,2010,32.0°C (89.6°F),25.0°C (77.0°F),17.0°C (62.6°F),17.0°C (62.6°F),11.5mm | 0.45in,18.0kmh | 11.18mph,11.5mb
kisumu,January,2011,35.0°C (95.0°F),26.0°C (78.8°F),18.0°C (64.4°F),16.0°C (60.8°F),11.5mm | 0.45in,18.0kmh | 11.18mph,11.5mb
kisumu,February,2011,36.0°C (96.8°F),28.0°C (82.4°F),18.0°C (64.4°F),17.0°C (62.6°F),18.7mm | 0.74in,19.0kmh | 11.81mph,18.7mb
kisumu,March,2011,38.0°C (100.4°F),28.0°C (82.4°F),18.0°C (64.4°F),18.0°C (64.4°F),44.3mm | 1.74in,18.0kmh | 11.18mph,44.3mb
kisumu,April,2011,34.0°C (93.2°F),26.0°C (78.8°F),17.0°C (62.6°F),19.0°C (66.2°F),34.4mm | 1.35in,15.0kmh | 9.32mph,34.4mb
kisumu,May,2011,28.0°C (82.4°F),24.0°C (75.2°F),19.0°C (66.2°F),20.0°C (68.0°F),97.3mm | 3.83in,12.0kmh | 7.46mph,97.3mb
kisumu,June,2011,27.0°C (80.6°F),23.0°C (73.4°F),18.0°C (64.4°F),19.0°C (66.2°F),34.3mm | 1.35in,11.0kmh | 6.84mph,34.3mb
kisumu,July,2011,27.0°C (80.6°F),23.0°C (73.4°F),17.0°C (62.6°F),19.0°C (66.2°F),24.4mm | 0.96in,11.0kmh | 6.84mph,24.4mb
kisumu,August,2011,28.0°C (82.4°F),23.0°C (73.4°F),18.0°C (64.4°F),19.0°C (66.2°F),38.6mm | 1.52in,11.0kmh | 6.84mph,38.6mb
kisumu,September,2011,29.0°C (84.2°F),24.0°C (75.2°F),18.0°C (64.4°F),19.0°C (66.2°F),51.4mm | 2.02in,12.0kmh | 7.46mph,51.4mb
kisumu,October,2011,30.0°C (86.0°F),25.0°C (77.0°F),18.0°C (64.4°F),19.0°C (66.2°F),37.9mm | 1.49in,15.0kmh | 9.32mph,37.9mb
kisumu,November,2011,29.0°C (84.2°F),24.0°C (75.2°F),19.0°C (66.2°F),19.0°C (66.2°F),41.3mm | 1.63in,16.0kmh | 9.94mph,41.3mb
kisumu,December,2011,29.0°C (84.2°F),24.0°C (75.2°F),18.0°C (64.4°F),19.0°C (66.2°F),52.4mm | 2.06in,18.0kmh | 11.18mph,52.4mb
kitui,January,2010,25.0°C (77.0°F),21.0°C (69.8°F),18.0°C (64.4°F),18.0°C (64.4°F),21.5mm | 0.85in,17.0kmh | 10.56mph,21.5mb
kitui,February,2010,26.0°C (78.8°F),21.0°C (69.8°F),18.0°C (64.4°F),18.0°C (64.4°F),32.5mm | 1.28in,15.0kmh | 9.32mph,32.5mb
kitui,March,2010,24.0°C (75.2°F),21.0°C (69.8°F),18.0°C (64.4°F),18.0°C (64.4°F),78.3mm | 3.08in,16.0kmh | 9.94mph,78.3mb
kitui,April,2010,24.0°C (75.2°F),21.0°C (69.8°F),19.0°C (66.2°F),18.0°C (64.4°F),21.6mm | 0.85in,13.0kmh | 8.08mph,21.6mb
kitui,May,2010,23.0°C (73.4°F),20.0°C (68.0°F),18.0°C (64.4°F),18.0°C (64.4°F),33.7mm | 1.33in,13.0kmh | 8.08mph,33.7mb
kitui,June,2010,24.0°C (75.2°F),20.0°C (68.0°F),17.0°C (62.6°F),16.0°C (60.8°F),9.8mm | 0.39in,11.0kmh | 6.84mph,9.8mb
kitui,July,2010,24.0°C (75.2°F),20.0°C (68.0°F),17.0°C (62.6°F),14.0°C (57.2°F),7.7mm | 0.3in,13.0kmh | 8.08mph,7.7mb
kitui,August,2010,27.0°C (80.6°F),22.0°C (71.6°F),16.0°C (60.8°F),14.0°C (57.2°F),8.7mm | 0.34in,13.0kmh | 8.08mph,8.7mb
kitui,September,2010,26.0°C (78.8°F),22.0°C (71.6°F),18.0°C (64.4°F),16.0°C (60.8°F),2.9mm | 0.11in,16.0kmh | 9.94mph,2.9mb
kitui,October,2010,27.0°C (80.6°F),24.0°C (75.2°F),19.0°C (66.2°F),17.0°C (62.6°F),6.2mm | 0.24in,15.0kmh | 9.32mph,6.2mb
kitui,November,2010,24.0°C (75.2°F),22.0°C (71.6°F),19.0°C (66.2°F),18.0°C (64.4°F),19.8mm | 0.78in,14.0kmh | 8.7mph,19.8mb
kitui,December,2010,24.0°C (75.2°F),21.0°C (69.8°F),18.0°C (64.4°F),18.0°C (64.4°F),18.4mm | 0.72in,16.0kmh | 9.94mph,18.4mb
kitui,January,2011,27.0°C (80.6°F),23.0°C (73.4°F),18.0°C (64.4°F),16.0°C (60.8°F),11.2mm | 0.44in,18.0kmh | 11.18mph,11.2mb
kitui,February,2011,31.0°C (87.8°F),25.0°C (77.0°F),18.0°C (64.4°F),17.0°C (62.6°F),24.7mm | 0.97in,17.0kmh | 10.56mph,24.7mb
kitui,March,2011,28.0°C (82.4°F),23.0°C (73.4°F),19.0°C (66.2°F),18.0°C (64.4°F),23.8mm | 0.94in,16.0kmh | 9.94mph,23.8mb
kitui,April,2011,26.0°C (78.8°F),22.0°C (71.6°F),19.0°C (66.2°F),18.0°C (64.4°F),9.9mm | 0.39in,13.0kmh | 8.08mph,9.9mb
kitui,May,2011,24.0°C (75.2°F),21.0°C (69.8°F),18.0°C (64.4°F),18.0°C (64.4°F),15.3mm | 0.6in,15.0kmh | 9.32mph,15.3mb
kitui,June,2011,24.0°C (75.2°F),21.0°C (69.8°F),17.0°C (62.6°F),16.0°C (60.8°F),5.0mm | 0.2in,14.0kmh | 8.7mph,5.0mb
kitui,July,2011,25.0°C (77.0°F),20.0°C (68.0°F),17.0°C (62.6°F),16.0°C (60.8°F),20.6mm | 0.81in,15.0kmh | 9.32mph,20.6mb
kitui,August,2011,25.0°C (77.0°F),21.0°C (69.8°F),17.0°C (62.6°F),14.0°C (57.2°F),16.5mm | 0.65in,15.0kmh | 9.32mph,16.5mb
kitui,September,2011,27.0°C (80.6°F),23.0°C (73.4°F),19.0°C (66.2°F),16.0°C (60.8°F),3.8mm | 0.15in,18.0kmh | 11.18mph,3.8mb
kitui,October,2011,27.0°C (80.6°F),23.0°C (73.4°F),19.0°C (66.2°F),18.0°C (64.4°F),14.1mm | 0.56in,19.0kmh | 11.81mph,14.1mb
kitui,November,2011,26.0°C (78.8°F),23.0°C (73.4°F),19.0°C (66.2°F),18.0°C (64.4°F),30.3mm | 1.19in,18.0kmh | 11.18mph,30.3mb
kitui,December,2011,24.0°C (75.2°F),21.0°C (69.8°F),18.0°C (64.4°F),18.0°C (64.4°F),63.2mm | 2.49in,20.0kmh | 12.43mph,63.2mb
kwale,January,2010,33.0°C (91.4°F),29.0°C (84.2°F),26.0°C (78.8°F),24.0°C (75.2°F),41.1mm | 1.62in,28.0kmh | 17.4mph,41.1mb
kwale,February,2010,34.0°C (93.2°F),30.0°C (86.0°F),27.0°C (80.6°F),24.0°C (75.2°F),10.7mm | 0.42in,22.0kmh | 13.67mph,10.7mb
kwale,March,2010,33.0°C (91.4°F),30.0°C (86.0°F),27.0°C (80.6°F),25.0°C (77.0°F),19.8mm | 0.78in,21.0kmh | 13.05mph,19.8mb
kwale,April,2010,31.0°C (87.8°F),29.0°C (84.2°F),26.0°C (78.8°F),25.0°C (77.0°F),22.2mm | 0.87in,28.0kmh | 17.4mph,22.2mb
kwale,May,2010,31.0°C (87.8°F),29.0°C (84.2°F),26.0°C (78.8°F),24.0°C (75.2°F),15.0mm | 0.59in,35.0kmh | 21.75mph,15.0mb
kwale,June,2010,30.0°C (86.0°F),28.0°C (82.4°F),26.0°C (78.8°F),23.0°C (73.4°F),17.9mm | 0.7in,40.0kmh | 24.85mph,17.9mb
kwale,July,2010,29.0°C (84.2°F),26.0°C (78.8°F),24.0°C (75.2°F),22.0°C (71.6°F),20.4mm | 0.8in,42.0kmh | 26.1mph,20.4mb
kwale,August,2010,29.0°C (84.2°F),26.0°C (78.8°F),23.0°C (73.4°F),21.0°C (69.8°F),6.1mm | 0.24in,42.0kmh | 26.1mph,6.1mb
kwale,September,2010,29.0°C (84.2°F),26.0°C (78.8°F),23.0°C (73.4°F),21.0°C (69.8°F),4.4mm | 0.17in,31.0kmh | 19.26mph,4.4mb
kwale,October,2010,31.0°C (87.8°F),28.0°C (82.4°F),24.0°C (75.2°F),22.0°C (71.6°F),5.3mm | 0.21in,26.0kmh | 16.16mph,5.3mb
kwale,November,2010,31.0°C (87.8°F),28.0°C (82.4°F),25.0°C (77.0°F),23.0°C (73.4°F),7.4mm | 0.29in,20.0kmh | 12.43mph,7.4mb
kwale,December,2010,32.0°C (89.6°F),29.0°C (84.2°F),25.0°C (77.0°F),24.0°C (75.2°F),4.8mm | 0.19in,21.0kmh | 13.05mph,4.8mb
kwale,January,2011,33.0°C (91.4°F),29.0°C (84.2°F),26.0°C (78.8°F),24.0°C (75.2°F),14.2mm | 0.56in,29.0kmh | 18.02mph,14.2mb
kwale,February,2011,35.0°C (95.0°F),31.0°C (87.8°F),26.0°C (78.8°F),24.0°C (75.2°F),7.6mm | 0.3in,23.0kmh | 14.29mph,7.6mb
kwale,March,2011,34.0°C (93.2°F),30.0°C (86.0°F),26.0°C (78.8°F),24.0°C (75.2°F),18.8mm | 0.74in,23.0kmh | 14.29mph,18.8mb
kwale,April,2011,34.0°C (93.2°F),30.0°C (86.0°F),26.0°C (78.8°F),24.0°C (75.2°F),6.0mm | 0.24in,24.0kmh | 14.91mph,6.0mb
kwale,May,2011,31.0°C (87.8°F),29.0°C (84.2°F),25.0°C (77.0°F),22.0°C (71.6°F),6.7mm | 0.26in,35.0kmh | 21.75mph,6.7mb
kwale,June,2011,30.0°C (86.0°F),28.0°C (82.4°F),24.0°C (75.2°F),22.0°C (71.6°F),3.0mm | 0.12in,39.0kmh | 24.23mph,3.0mb
kwale,July,2011,29.0°C (84.2°F),27.0°C (80.6°F),23.0°C (73.4°F),21.0°C (69.8°F),3.8mm | 0.15in,48.0kmh | 29.83mph,3.8mb
kwale,August,2011,29.0°C (84.2°F),26.0°C (78.8°F),24.0°C (75.2°F),21.0°C (69.8°F),2.1mm | 0.08in,41.0kmh | 25.48mph,2.1mb
kwale,September,2011,30.0°C (86.0°F),27.0°C (80.6°F),24.0°C (75.2°F),22.0°C (71.6°F),8.7mm | 0.34in,34.0kmh | 21.13mph,8.7mb
kwale,October,2011,31.0°C (87.8°F),28.0°C (82.4°F),25.0°C (77.0°F),23.0°C (73.4°F),21.8mm | 0.86in,33.0kmh | 20.51mph,21.8mb
kwale,November,2011,32.0°C (89.6°F),29.0°C (84.2°F),25.0°C (77.0°F),24.0°C (75.2°F),13.6mm | 0.54in,26.0kmh | 16.16mph,13.6mb
kwale,December,2011,33.0°C (91.4°F),30.0°C (86.0°F),26.0°C (78.8°F),24.0°C (75.2°F),36.5mm | 1.44in,33.0kmh | 20.51mph,36.5mb
laikipia,January,2010,23.0°C (73.4°F),18.0°C (64.4°F),14.0°C (57.2°F),15.0°C (59.0°F),15.8mm | 0.62in,14.0kmh | 8.7mph,15.8mb
laikipia,February,2010,24.0°C (75.2°F),19.0°C (66.2°F),15.0°C (59.0°F),15.0°C (59.0°F),21.4mm | 0.84in,14.0kmh | 8.7mph,21.4mb
laikipia,March,2010,22.0°C (71.6°F),18.0°C (64.4°F),15.0°C (59.0°F),16.0°C (60.8°F),120.3mm | 4.74in,14.0kmh | 8.7mph,120.3mb
laikipia,April,2010,22.0°C (71.6°F),19.0°C (66.2°F),15.0°C (59.0°F),16.0°C (60.8°F),112.9mm | 4.44in,13.0kmh | 8.08mph,112.9mb
laikipia,May,2010,22.0°C (71.6°F),18.0°C (64.4°F),15.0°C (59.0°F),16.0°C (60.8°F),50.5mm | 1.99in,18.0kmh | 11.18mph,50.5mb
laikipia,June,2010,22.0°C (71.6°F),18.0°C (64.4°F),14.0°C (57.2°F),15.0°C (59.0°F),24.9mm | 0.98in,17.0kmh | 10.56mph,24.9mb
laikipia,July,2010,21.0°C (69.8°F),17.0°C (62.6°F),14.0°C (57.2°F),14.0°C (57.2°F),52.3mm | 2.06in,16.0kmh | 9.94mph,52.3mb
laikipia,August,2010,22.0°C (71.6°F),17.0°C (62.6°F),13.0°C (55.4°F),13.0°C (55.4°F),30.4mm | 1.2in,18.0kmh | 11.18mph,30.4mb
laikipia,September,2010,22.0°C (71.6°F),18.0°C (64.4°F),12.0°C (53.6°F),13.0°C (55.4°F),15.1mm | 0.59in,18.0kmh | 11.18mph,15.1mb
laikipia,October,2010,23.0°C (73.4°F),19.0°C (66.2°F),13.0°C (55.4°F),14.0°C (57.2°F),49.3mm | 1.94in,14.0kmh | 8.7mph,49.3mb
laikipia,November,2010,22.0°C (71.6°F),17.0°C (62.6°F),13.0°C (55.4°F),14.0°C (57.2°F),31.1mm | 1.22in,12.0kmh | 7.46mph,31.1mb
laikipia,December,2010,22.0°C (71.6°F),17.0°C (62.6°F),12.0°C (53.6°F),12.0°C (53.6°F),16.7mm | 0.66in,13.0kmh | 8.08mph,16.7mb
laikipia,January,2011,23.0°C (73.4°F),19.0°C (66.2°F),11.0°C (51.8°F),12.0°C (53.6°F),21.0mm | 0.83in,16.0kmh | 9.94mph,21.0mb
laikipia,February,2011,26.0°C (78.8°F),20.0°C (68.0°F),11.0°C (51.8°F),13.0°C (55.4°F),19.1mm | 0.75in,15.0kmh | 9.32mph,19.1mb
laikipia,March,2011,25.0°C (77.0°F),20.0°C (68.0°F),13.0°C (55.4°F),13.0°C (55.4°F),27.4mm | 1.08in,13.0kmh | 8.08mph,27.4mb
laikipia,April,2011,23.0°C (73.4°F),19.0°C (66.2°F),13.0°C (55.4°F),14.0°C (57.2°F),33.4mm | 1.31in,13.0kmh | 8.08mph,33.4mb
laikipia,May,2011,22.0°C (71.6°F),19.0°C (66.2°F),13.0°C (55.4°F),14.0°C (57.2°F),50.4mm | 1.98in,18.0kmh | 11.18mph,50.4mb
laikipia,June,2011,22.0°C (71.6°F),18.0°C (64.4°F),13.0°C (55.4°F),14.0°C (57.2°F),39.9mm | 1.57in,15.0kmh | 9.32mph,39.9mb
laikipia,July,2011,23.0°C (73.4°F),18.0°C (64.4°F),12.0°C (53.6°F),13.0°C (55.4°F),33.4mm | 1.31in,18.0kmh | 11.18mph,33.4mb
laikipia,August,2011,22.0°C (71.6°F),17.0°C (62.6°F),13.0°C (55.4°F),13.0°C (55.4°F),60.5mm | 2.38in,18.0kmh | 11.18mph,60.5mb
laikipia,September,2011,23.0°C (73.4°F),19.0°C (66.2°F),13.0°C (55.4°F),13.0°C (55.4°F),45.9mm | 1.81in,19.0kmh | 11.81mph,45.9mb
laikipia,October,2011,23.0°C (73.4°F),19.0°C (66.2°F),14.0°C (57.2°F),14.0°C (57.2°F),61.1mm | 2.41in,17.0kmh | 10.56mph,61.1mb
laikipia,November,2011,23.0°C (73.4°F),18.0°C (64.4°F),13.0°C (55.4°F),14.0°C (57.2°F),69.1mm | 2.72in,14.0kmh | 8.7mph,69.1mb
laikipia,December,2011,21.0°C (69.8°F),17.0°C (62.6°F),13.0°C (55.4°F),14.0°C (57.2°F),80.9mm | 3.19in,16.0kmh | 9.94mph,80.9mb
lamu,January,2010,32.0°C (89.6°F),30.0°C (86.0°F),27.0°C (80.6°F),24.0°C (75.2°F),4.8mm | 0.19in,37.0kmh | 22.99mph,4.8mb
lamu,February,2010,32.0°C (89.6°F),30.0°C (86.0°F),27.0°C (80.6°F),25.0°C (77.0°F),10.0mm | 0.39in,30.0kmh | 18.64mph,10.0mb
lamu,March,2010,32.0°C (89.6°F),30.0°C (86.0°F),28.0°C (82.4°F),25.0°C (77.0°F),10.4mm | 0.41in,29.0kmh | 18.02mph,10.4mb
lamu,April,2010,31.0°C (87.8°F),29.0°C (84.2°F),28.0°C (82.4°F),25.0°C (77.0°F),32.5mm | 1.28in,32.0kmh | 19.88mph,32.5mb
lamu,May,2010,30.0°C (86.0°F),29.0°C (84.2°F),27.0°C (80.6°F),25.0°C (77.0°F),60.1mm | 2.37in,42.0kmh | 26.1mph,60.1mb
lamu,June,2010,29.0°C (84.2°F),28.0°C (82.4°F),26.0°C (78.8°F),23.0°C (73.4°F),43.1mm | 1.7in,46.0kmh | 28.58mph,43.1mb
lamu,July,2010,28.0°C (82.4°F),27.0°C (80.6°F),25.0°C (77.0°F),22.0°C (71.6°F),22.4mm | 0.88in,52.0kmh | 32.31mph,22.4mb
lamu,August,2010,27.0°C (80.6°F),26.0°C (78.8°F),24.0°C (75.2°F),22.0°C (71.6°F),35.7mm | 1.41in,50.0kmh | 31.07mph,35.7mb
lamu,September,2010,28.0°C (82.4°F),27.0°C (80.6°F),25.0°C (77.0°F),22.0°C (71.6°F),10.0mm | 0.39in,41.0kmh | 25.48mph,10.0mb
lamu,October,2010,30.0°C (86.0°F),28.0°C (82.4°F),25.0°C (77.0°F),23.0°C (73.4°F),6.5mm | 0.26in,34.0kmh | 21.13mph,6.5mb
lamu,November,2010,30.0°C (86.0°F),28.0°C (82.4°F),26.0°C (78.8°F),23.0°C (73.4°F),19.4mm | 0.76in,24.0kmh | 14.91mph,19.4mb
lamu,December,2010,31.0°C (87.8°F),29.0°C (84.2°F),26.0°C (78.8°F),23.0°C (73.4°F),16.3mm | 0.64in,30.0kmh | 18.64mph,16.3mb
lamu,January,2011,32.0°C (89.6°F),29.0°C (84.2°F),26.0°C (78.8°F),23.0°C (73.4°F),4.6mm | 0.18in,38.0kmh | 23.61mph,4.6mb
lamu,February,2011,32.0°C (89.6°F),29.0°C (84.2°F),26.0°C (78.8°F),23.0°C (73.4°F),1.9mm | 0.07in,33.0kmh | 20.51mph,1.9mb
lamu,March,2011,31.0°C (87.8°F),29.0°C (84.2°F),27.0°C (80.6°F),24.0°C (75.2°F),12.1mm | 0.48in,30.0kmh | 18.64mph,12.1mb
lamu,April,2011,31.0°C (87.8°F),29.0°C (84.2°F),27.0°C (80.6°F),24.0°C (75.2°F),12.8mm | 0.5in,29.0kmh | 18.02mph,12.8mb
lamu,May,2011,30.0°C (86.0°F),29.0°C (84.2°F),27.0°C (80.6°F),23.0°C (73.4°F),38.2mm | 1.5in,44.0kmh | 27.34mph,38.2mb
lamu,June,2011,29.0°C (84.2°F),28.0°C (82.4°F),27.0°C (80.6°F),22.0°C (71.6°F),9.9mm | 0.39in,48.0kmh | 29.83mph,9.9mb
lamu,July,2011,29.0°C (84.2°F),27.0°C (80.6°F),26.0°C (78.8°F),22.0°C (71.6°F),17.1mm | 0.67in,56.0kmh | 34.8mph,17.1mb
lamu,August,2011,28.0°C (82.4°F),26.0°C (78.8°F),25.0°C (77.0°F),22.0°C (71.6°F),8.3mm | 0.33in,47.0kmh | 29.2mph,8.3mb
lamu,September,2011,29.0°C (84.2°F),27.0°C (80.6°F),25.0°C (77.0°F),23.0°C (73.4°F),19.3mm | 0.76in,42.0kmh | 26.1mph,19.3mb
lamu,October,2011,30.0°C (86.0°F),28.0°C (82.4°F),26.0°C (78.8°F),24.0°C (75.2°F),42.9mm | 1.69in,41.0kmh | 25.48mph,42.9mb
lamu,November,2011,30.0°C (86.0°F),28.0°C (82.4°F),26.0°C (78.8°F),24.0°C (75.2°F),43.8mm | 1.72in,29.0kmh | 18.02mph,43.8mb
lamu,December,2011,32.0°C (89.6°F),29.0°C (84.2°F),27.0°C (80.6°F),24.0°C (75.2°F),47.1mm | 1.85in,39.0kmh | 24.23mph,47.1mb
machakos,January,2010,25.0°C (77.0°F),21.0°C (69.8°F),18.0°C (64.4°F),18.0°C (64.4°F),21.5mm | 0.85in,17.0kmh | 10.56mph,21.5mb
machakos,February,2010,26.0°C (78.8°F),21.0°C (69.8°F),18.0°C (64.4°F),18.0°C (64.4°F),32.5mm | 1.28in,15.0kmh | 9.32mph,32.5mb
machakos,March,2010,24.0°C (75.2°F),21.0°C (69.8°F),18.0°C (64.4°F),18.0°C (64.4°F),78.3mm | 3.08in,16.0kmh | 9.94mph,78.3mb
machakos,April,2010,24.0°C (75.2°F),21.0°C (69.8°F),19.0°C (66.2°F),18.0°C (64.4°F),21.6mm | 0.85in,13.0kmh | 8.08mph,21.6mb
machakos,May,2010,23.0°C (73.4°F),20.0°C (68.0°F),18.0°C (64.4°F),18.0°C (64.4°F),33.7mm | 1.33in,13.0kmh | 8.08mph,33.7mb
machakos,June,2010,24.0°C (75.2°F),20.0°C (68.0°F),17.0°C (62.6°F),16.0°C (60.8°F),9.8mm | 0.39in,11.0kmh | 6.84mph,9.8mb
machakos,July,2010,24.0°C (75.2°F),20.0°C (68.0°F),17.0°C (62.6°F),14.0°C (57.2°F),7.7mm | 0.3in,13.0kmh | 8.08mph,7.7mb
machakos,August,2010,27.0°C (80.6°F),22.0°C (71.6°F),16.0°C (60.8°F),14.0°C (57.2°F),8.7mm | 0.34in,13.0kmh | 8.08mph,8.7mb
machakos,September,2010,26.0°C (78.8°F),22.0°C (71.6°F),18.0°C (64.4°F),16.0°C (60.8°F),2.9mm | 0.11in,16.0kmh | 9.94mph,2.9mb
machakos,October,2010,27.0°C (80.6°F),24.0°C (75.2°F),19.0°C (66.2°F),17.0°C (62.6°F),6.2mm | 0.24in,15.0kmh | 9.32mph,6.2mb
machakos,November,2010,24.0°C (75.2°F),22.0°C (71.6°F),19.0°C (66.2°F),18.0°C (64.4°F),19.8mm | 0.78in,14.0kmh | 8.7mph,19.8mb
machakos,December,2010,24.0°C (75.2°F),21.0°C (69.8°F),18.0°C (64.4°F),18.0°C (64.4°F),18.4mm | 0.72in,16.0kmh | 9.94mph,18.4mb
machakos,January,2011,27.0°C (80.6°F),23.0°C (73.4°F),18.0°C (64.4°F),16.0°C (60.8°F),11.2mm | 0.44in,18.0kmh | 11.18mph,11.2mb
machakos,February,2011,31.0°C (87.8°F),25.0°C (77.0°F),18.0°C (64.4°F),17.0°C (62.6°F),24.7mm | 0.97in,17.0kmh | 10.56mph,24.7mb
machakos,March,2011,28.0°C (82.4°F),23.0°C (73.4°F),19.0°C (66.2°F),18.0°C (64.4°F),23.8mm | 0.94in,16.0kmh | 9.94mph,23.8mb
machakos,April,2011,26.0°C (78.8°F),22.0°C (71.6°F),19.0°C (66.2°F),18.0°C (64.4°F),9.9mm | 0.39in,13.0kmh | 8.08mph,9.9mb
machakos,May,2011,24.0°C (75.2°F),21.0°C (69.8°F),18.0°C (64.4°F),18.0°C (64.4°F),15.3mm | 0.6in,15.0kmh | 9.32mph,15.3mb
machakos,June,2011,24.0°C (75.2°F),21.0°C (69.8°F),17.0°C (62.6°F),16.0°C (60.8°F),5.0mm | 0.2in,14.0kmh | 8.7mph,5.0mb
machakos,July,2011,25.0°C (77.0°F),20.0°C (68.0°F),17.0°C (62.6°F),16.0°C (60.8°F),20.6mm | 0.81in,15.0kmh | 9.32mph,20.6mb
machakos,August,2011,25.0°C (77.0°F),21.0°C (69.8°F),17.0°C (62.6°F),14.0°C (57.2°F),16.5mm | 0.65in,15.0kmh | 9.32mph,16.5mb
machakos,September,2011,27.0°C (80.6°F),23.0°C (73.4°F),19.0°C (66.2°F),16.0°C (60.8°F),3.8mm | 0.15in,18.0kmh | 11.18mph,3.8mb
machakos,October,2011,27.0°C (80.6°F),23.0°C (73.4°F),19.0°C (66.2°F),18.0°C (64.4°F),14.1mm | 0.56in,19.0kmh | 11.81mph,14.1mb
machakos,November,2011,26.0°C (78.8°F),23.0°C (73.4°F),19.0°C (66.2°F),18.0°C (64.4°F),30.3mm | 1.19in,18.0kmh | 11.18mph,30.3mb
machakos,December,2011,24.0°C (75.2°F),21.0°C (69.8°F),18.0°C (64.4°F),18.0°C (64.4°F),63.2mm | 2.49in,20.0kmh | 12.43mph,63.2mb
makueni,January,2010,28.0°C (82.4°F),24.0°C (75.2°F),18.0°C (64.4°F),19.0°C (66.2°F),13.7mm | 0.54in,10.0kmh | 6.21mph,13.7mb
makueni,February,2010,29.0°C (84.2°F),25.0°C (77.0°F),19.0°C (66.2°F),19.0°C (66.2°F),19.9mm | 0.78in,12.0kmh | 7.46mph,19.9mb
makueni,March,2010,28.0°C (82.4°F),25.0°C (77.0°F),20.0°C (68.0°F),20.0°C (68.0°F),111.9mm | 4.41in,9.0kmh | 5.59mph,111.9mb
makueni,April,2010,29.0°C (84.2°F),24.0°C (75.2°F),19.0°C (66.2°F),20.0°C (68.0°F),15.3mm | 0.6in,12.0kmh | 7.46mph,15.3mb
makueni,May,2010,28.0°C (82.4°F),24.0°C (75.2°F),19.0°C (66.2°F),19.0°C (66.2°F),11.4mm | 0.45in,14.0kmh | 8.7mph,11.4mb
makueni,June,2010,29.0°C (84.2°F),24.0°C (75.2°F),19.0°C (66.2°F),16.0°C (60.8°F),1.7mm | 0.07in,15.0kmh | 9.32mph,1.7mb
makueni,July,2010,29.0°C (84.2°F),24.0°C (75.2°F),17.0°C (62.6°F),14.0°C (57.2°F),0.7mm | 0.03in,16.0kmh | 9.94mph,0.7mb
makueni,August,2010,31.0°C (87.8°F),25.0°C (77.0°F),17.0°C (62.6°F),15.0°C (59.0°F),3.1mm | 0.12in,16.0kmh | 9.94mph,3.1mb
makueni,September,2010,31.0°C (87.8°F),26.0°C (78.8°F),18.0°C (64.4°F),16.0°C (60.8°F),1.0mm | 0.04in,16.0kmh | 9.94mph,1.0mb
makueni,October,2010,32.0°C (89.6°F),27.0°C (80.6°F),18.0°C (64.4°F),17.0°C (62.6°F),7.2mm | 0.28in,16.0kmh | 9.94mph,7.2mb
makueni,November,2010,30.0°C (86.0°F),25.0°C (77.0°F),19.0°C (66.2°F),19.0°C (66.2°F),29.6mm | 1.17in,12.0kmh | 7.46mph,29.6mb
makueni,December,2010,28.0°C (82.4°F),24.0°C (75.2°F),18.0°C (64.4°F),19.0°C (66.2°F),23.4mm | 0.92in,11.0kmh | 6.84mph,23.4mb
makueni,January,2011,31.0°C (87.8°F),25.0°C (77.0°F),17.0°C (62.6°F),19.0°C (66.2°F),13.3mm | 0.52in,14.0kmh | 8.7mph,13.3mb
makueni,February,2011,35.0°C (95.0°F),28.0°C (82.4°F),18.0°C (64.4°F),19.0°C (66.2°F),21.6mm | 0.85in,11.0kmh | 6.84mph,21.6mb
makueni,March,2011,32.0°C (89.6°F),26.0°C (78.8°F),20.0°C (68.0°F),19.0°C (66.2°F),17.9mm | 0.7in,12.0kmh | 7.46mph,17.9mb
makueni,April,2011,29.0°C (84.2°F),25.0°C (77.0°F),19.0°C (66.2°F),20.0°C (68.0°F),32.6mm | 1.28in,12.0kmh | 7.46mph,32.6mb
makueni,May,2011,31.0°C (87.8°F),25.0°C (77.0°F),18.0°C (64.4°F),19.0°C (66.2°F),7.7mm | 0.3in,14.0kmh | 8.7mph,7.7mb
makueni,June,2011,30.0°C (86.0°F),26.0°C (78.8°F),19.0°C (66.2°F),17.0°C (62.6°F),9.4mm | 0.37in,15.0kmh | 9.32mph,9.4mb
makueni,July,2011,30.0°C (86.0°F),25.0°C (77.0°F),19.0°C (66.2°F),16.0°C (60.8°F),1.1mm | 0.04in,17.0kmh | 10.56mph,1.1mb
makueni,August,2011,30.0°C (86.0°F),25.0°C (77.0°F),19.0°C (66.2°F),16.0°C (60.8°F),11.6mm | 0.46in,17.0kmh | 10.56mph,11.6mb
makueni,September,2011,32.0°C (89.6°F),27.0°C (80.6°F),19.0°C (66.2°F),16.0°C (60.8°F),5.2mm | 0.2in,18.0kmh | 11.18mph,5.2mb
makueni,October,2011,32.0°C (89.6°F),27.0°C (80.6°F),20.0°C (68.0°F),19.0°C (66.2°F),19.8mm | 0.78in,19.0kmh | 11.81mph,19.8mb
makueni,November,2011,31.0°C (87.8°F),26.0°C (78.8°F),20.0°C (68.0°F),20.0°C (68.0°F),61.6mm | 2.43in,15.0kmh | 9.32mph,61.6mb
makueni,December,2011,30.0°C (86.0°F),24.0°C (75.2°F),19.0°C (66.2°F),19.0°C (66.2°F),30.2mm | 1.19in,15.0kmh | 9.32mph,30.2mb
mandera,January,2010,37.0°C (98.6°F),32.0°C (89.6°F),27.0°C (80.6°F),16.0°C (60.8°F),1.6mm | 0.06in,21.0kmh | 13.05mph,1.6mb
mandera,February,2010,39.0°C (102.2°F),33.0°C (91.4°F),28.0°C (82.4°F),19.0°C (66.2°F),1.0mm | 0.04in,18.0kmh | 11.18mph,1.0mb
mandera,March,2010,38.0°C (100.4°F),33.0°C (91.4°F),28.0°C (82.4°F),22.0°C (71.6°F),33.4mm | 1.31in,21.0kmh | 13.05mph,33.4mb
mandera,April,2010,36.0°C (96.8°F),32.0°C (89.6°F),26.0°C (78.8°F),23.0°C (73.4°F),43.0mm | 1.69in,17.0kmh | 10.56mph,43.0mb
mandera,May,2010,36.0°C (96.8°F),32.0°C (89.6°F),27.0°C (80.6°F),23.0°C (73.4°F),21.8mm | 0.86in,24.0kmh | 14.91mph,21.8mb
mandera,June,2010,35.0°C (95.0°F),31.0°C (87.8°F),26.0°C (78.8°F),20.0°C (68.0°F),0.6mm | 0.02in,29.0kmh | 18.02mph,0.6mb
mandera,July,2010,35.0°C (95.0°F),30.0°C (86.0°F),25.0°C (77.0°F),18.0°C (64.4°F),0.4mm | 0.02in,32.0kmh | 19.88mph,0.4mb
mandera,August,2010,35.0°C (95.0°F),30.0°C (86.0°F),24.0°C (75.2°F),18.0°C (64.4°F),2.4mm | 0.09in,24.0kmh | 14.91mph,2.4mb
mandera,September,2010,36.0°C (96.8°F),31.0°C (87.8°F),24.0°C (75.2°F),17.0°C (62.6°F),1.3mm | 0.05in,22.0kmh | 13.67mph,1.3mb
mandera,October,2010,38.0°C (100.4°F),32.0°C (89.6°F),24.0°C (75.2°F),21.0°C (69.8°F),20.5mm | 0.81in,21.0kmh | 13.05mph,20.5mb
mandera,November,2010,36.0°C (96.8°F),31.0°C (87.8°F),24.0°C (75.2°F),19.0°C (66.2°F),8.2mm | 0.32in,14.0kmh | 8.7mph,8.2mb
mandera,December,2010,36.0°C (96.8°F),30.0°C (86.0°F),23.0°C (73.4°F),16.0°C (60.8°F),0.6mm | 0.02in,16.0kmh | 9.94mph,0.6mb
mandera,January,2011,38.0°C (100.4°F),32.0°C (89.6°F),23.0°C (73.4°F),16.0°C (60.8°F),1.0mm | 0.04in,23.0kmh | 14.29mph,1.0mb
mandera,February,2011,38.0°C (100.4°F),32.0°C (89.6°F),24.0°C (75.2°F),16.0°C (60.8°F),0.8mm | 0.03in,20.0kmh | 12.43mph,0.8mb
mandera,March,2011,38.0°C (100.4°F),33.0°C (91.4°F),26.0°C (78.8°F),16.0°C (60.8°F),2.0mm | 0.08in,20.0kmh | 12.43mph,2.0mb
mandera,April,2011,38.0°C (100.4°F),33.0°C (91.4°F),25.0°C (77.0°F),22.0°C (71.6°F),39.1mm | 1.54in,18.0kmh | 11.18mph,39.1mb
mandera,May,2011,35.0°C (95.0°F),31.0°C (87.8°F),26.0°C (78.8°F),22.0°C (71.6°F),49.8mm | 1.96in,28.0kmh | 17.4mph,49.8mb
mandera,June,2011,34.0°C (93.2°F),31.0°C (87.8°F),25.0°C (77.0°F),19.0°C (66.2°F),3.5mm | 0.14in,33.0kmh | 20.51mph,3.5mb
mandera,July,2011,34.0°C (93.2°F),30.0°C (86.0°F),25.0°C (77.0°F),18.0°C (64.4°F),0.5mm | 0.02in,36.0kmh | 22.37mph,0.5mb
mandera,August,2011,34.0°C (93.2°F),30.0°C (86.0°F),25.0°C (77.0°F),17.0°C (62.6°F),0.2mm | 0.01in,36.0kmh | 22.37mph,0.2mb
mandera,September,2011,36.0°C (96.8°F),31.0°C (87.8°F),26.0°C (78.8°F),18.0°C (64.4°F),2.5mm | 0.1in,35.0kmh | 21.75mph,2.5mb
mandera,October,2011,35.0°C (95.0°F),32.0°C (89.6°F),26.0°C (78.8°F),21.0°C (69.8°F),74.3mm | 2.93in,31.0kmh | 19.26mph,74.3mb
mandera,November,2011,33.0°C (91.4°F),30.0°C (86.0°F),27.0°C (80.6°F),22.0°C (71.6°F),156.1mm | 6.15in,25.0kmh | 15.53mph,156.1mb
mandera,December,2011,35.0°C (95.0°F),31.0°C (87.8°F),27.0°C (80.6°F),21.0°C (69.8°F),20.1mm | 0.79in,27.0kmh | 16.78mph,20.1mb
marsabit,January,2010,33.0°C (91.4°F),28.0°C (82.4°F),22.0°C (71.6°F),18.0°C (64.4°F),11.7mm | 0.46in,21.0kmh | 13.05mph,11.7mb
marsabit,February,2010,34.0°C (93.2°F),29.0°C (84.2°F),25.0°C (77.0°F),17.0°C (62.6°F),11.4mm | 0.45in,25.0kmh | 15.53mph,11.4mb
marsabit,March,2010,31.0°C (87.8°F),27.0°C (80.6°F),22.0°C (71.6°F),19.0°C (66.2°F),51.0mm | 2.01in,21.0kmh | 13.05mph,51.0mb
marsabit,April,2010,32.0°C (89.6°F),27.0°C (80.6°F),21.0°C (69.8°F),20.0°C (68.0°F),85.9mm | 3.38in,21.0kmh | 13.05mph,85.9mb
marsabit,May,2010,33.0°C (91.4°F),27.0°C (80.6°F),22.0°C (71.6°F),20.0°C (68.0°F),17.7mm | 0.7in,27.0kmh | 16.78mph,17.7mb
marsabit,June,2010,32.0°C (89.6°F),27.0°C (80.6°F),22.0°C (71.6°F),14.0°C (57.2°F),1.0mm | 0.04in,28.0kmh | 17.4mph,1.0mb
marsabit,July,2010,32.0°C (89.6°F),27.0°C (80.6°F),21.0°C (69.8°F),14.0°C (57.2°F),0.6mm | 0.02in,27.0kmh | 16.78mph,0.6mb
marsabit,August,2010,32.0°C (89.6°F),26.0°C (78.8°F),20.0°C (68.0°F),14.0°C (57.2°F),0.4mm | 0.02in,28.0kmh | 17.4mph,0.4mb
marsabit,September,2010,32.0°C (89.6°F),26.0°C (78.8°F),19.0°C (66.2°F),14.0°C (57.2°F),1.1mm | 0.04in,28.0kmh | 17.4mph,1.1mb
marsabit,October,2010,33.0°C (91.4°F),28.0°C (82.4°F),21.0°C (69.8°F),18.0°C (64.4°F),34.2mm | 1.35in,24.0kmh | 14.91mph,34.2mb
marsabit,November,2010,30.0°C (86.0°F),25.0°C (77.0°F),20.0°C (68.0°F),18.0°C (64.4°F),37.8mm | 1.49in,22.0kmh | 13.67mph,37.8mb
marsabit,December,2010,31.0°C (87.8°F),26.0°C (78.8°F),20.0°C (68.0°F),17.0°C (62.6°F),29.1mm | 1.15in,23.0kmh | 14.29mph,29.1mb
marsabit,January,2011,32.0°C (89.6°F),27.0°C (80.6°F),21.0°C (69.8°F),16.0°C (60.8°F),20.9mm | 0.82in,24.0kmh | 14.91mph,20.9mb
marsabit,February,2011,35.0°C (95.0°F),29.0°C (84.2°F),22.0°C (71.6°F),17.0°C (62.6°F),35.8mm | 1.41in,26.0kmh | 16.16mph,35.8mb
marsabit,March,2011,34.0°C (93.2°F),30.0°C (86.0°F),25.0°C (77.0°F),17.0°C (62.6°F),30.5mm | 1.2in,26.0kmh | 16.16mph,30.5mb
marsabit,April,2011,32.0°C (89.6°F),28.0°C (82.4°F),22.0°C (71.6°F),19.0°C (66.2°F),62.8mm | 2.47in,26.0kmh | 16.16mph,62.8mb
marsabit,May,2011,30.0°C (86.0°F),26.0°C (78.8°F),21.0°C (69.8°F),19.0°C (66.2°F),14.7mm | 0.58in,36.0kmh | 22.37mph,14.7mb
marsabit,June,2011,32.0°C (89.6°F),27.0°C (80.6°F),22.0°C (71.6°F),17.0°C (62.6°F),15.1mm | 0.59in,36.0kmh | 22.37mph,15.1mb
marsabit,July,2011,31.0°C (87.8°F),26.0°C (78.8°F),21.0°C (69.8°F),15.0°C (59.0°F),1.5mm | 0.06in,37.0kmh | 22.99mph,1.5mb
marsabit,August,2011,30.0°C (86.0°F),26.0°C (78.8°F),21.0°C (69.8°F),14.0°C (57.2°F),3.3mm | 0.13in,41.0kmh | 25.48mph,3.3mb
marsabit,September,2011,32.0°C (89.6°F),28.0°C (82.4°F),22.0°C (71.6°F),15.0°C (59.0°F),2.8mm | 0.11in,42.0kmh | 26.1mph,2.8mb
marsabit,October,2011,32.0°C (89.6°F),27.0°C (80.6°F),22.0°C (71.6°F),18.0°C (64.4°F),70.1mm | 2.76in,41.0kmh | 25.48mph,70.1mb
marsabit,November,2011,29.0°C (84.2°F),26.0°C (78.8°F),22.0°C (71.6°F),18.0°C (64.4°F),107.2mm | 4.22in,32.0kmh | 19.88mph,107.2mb
marsabit,December,2011,30.0°C (86.0°F),26.0°C (78.8°F),22.0°C (71.6°F),19.0°C (66.2°F),119.8mm | 4.72in,24.0kmh | 14.91mph,119.8mb
meru,January,2010,25.0°C (77.0°F),21.0°C (69.8°F),16.0°C (60.8°F),17.0°C (62.6°F),29.7mm | 1.17in,12.0kmh | 7.46mph,29.7mb
meru,February,2010,27.0°C (80.6°F),22.0°C (71.6°F),18.0°C (64.4°F),17.0°C (62.6°F),34.2mm | 1.35in,15.0kmh | 9.32mph,34.2mb
meru,March,2010,25.0°C (77.0°F),21.0°C (69.8°F),17.0°C (62.6°F),18.0°C (64.4°F),141.1mm | 5.56in,14.0kmh | 8.7mph,141.1mb
meru,April,2010,25.0°C (77.0°F),22.0°C (71.6°F),17.0°C (62.6°F),18.0°C (64.4°F),138.9mm | 5.47in,15.0kmh | 9.32mph,138.9mb
meru,May,2010,25.0°C (77.0°F),21.0°C (69.8°F),17.0°C (62.6°F),17.0°C (62.6°F),36.7mm | 1.44in,20.0kmh | 12.43mph,36.7mb
meru,June,2010,25.0°C (77.0°F),21.0°C (69.8°F),17.0°C (62.6°F),16.0°C (60.8°F),9.5mm | 0.37in,19.0kmh | 11.81mph,9.5mb
meru,July,2010,25.0°C (77.0°F),20.0°C (68.0°F),16.0°C (60.8°F),15.0°C (59.0°F),55.8mm | 2.2in,17.0kmh | 10.56mph,55.8mb
meru,August,2010,24.0°C (75.2°F),20.0°C (68.0°F),16.0°C (60.8°F),15.0°C (59.0°F),40.5mm | 1.59in,21.0kmh | 13.05mph,40.5mb
meru,September,2010,25.0°C (77.0°F),20.0°C (68.0°F),15.0°C (59.0°F),14.0°C (57.2°F),18.4mm | 0.72in,19.0kmh | 11.81mph,18.4mb
meru,October,2010,26.0°C (78.8°F),21.0°C (69.8°F),16.0°C (60.8°F),15.0°C (59.0°F),56.5mm | 2.22in,16.0kmh | 9.94mph,56.5mb
meru,November,2010,24.0°C (75.2°F),19.0°C (66.2°F),13.0°C (55.4°F),15.0°C (59.0°F),41.6mm | 1.64in,13.0kmh | 8.08mph,41.6mb
meru,December,2010,24.0°C (75.2°F),20.0°C (68.0°F),13.0°C (55.4°F),14.0°C (57.2°F),29.3mm | 1.15in,11.0kmh | 6.84mph,29.3mb
meru,January,2011,25.0°C (77.0°F),21.0°C (69.8°F),13.0°C (55.4°F),13.0°C (55.4°F),27.8mm | 1.09in,14.0kmh | 8.7mph,27.8mb
meru,February,2011,29.0°C (84.2°F),24.0°C (75.2°F),14.0°C (57.2°F),14.0°C (57.2°F),31.8mm | 1.25in,12.0kmh | 7.46mph,31.8mb
meru,March,2011,26.0°C (78.8°F),22.0°C (71.6°F),16.0°C (60.8°F),15.0°C (59.0°F),44.2mm | 1.74in,14.0kmh | 8.7mph,44.2mb
meru,April,2011,26.0°C (78.8°F),21.0°C (69.8°F),14.0°C (57.2°F),16.0°C (60.8°F),40.1mm | 1.58in,14.0kmh | 8.7mph,40.1mb
meru,May,2011,24.0°C (75.2°F),21.0°C (69.8°F),16.0°C (60.8°F),16.0°C (60.8°F),60.0mm | 2.36in,20.0kmh | 12.43mph,60.0mb
meru,June,2011,24.0°C (75.2°F),21.0°C (69.8°F),16.0°C (60.8°F),16.0°C (60.8°F),43.1mm | 1.7in,18.0kmh | 11.18mph,43.1mb
meru,July,2011,25.0°C (77.0°F),21.0°C (69.8°F),17.0°C (62.6°F),16.0°C (60.8°F),33.3mm | 1.31in,21.0kmh | 13.05mph,33.3mb
meru,August,2011,25.0°C (77.0°F),21.0°C (69.8°F),15.0°C (59.0°F),15.0°C (59.0°F),47.7mm | 1.88in,21.0kmh | 13.05mph,47.7mb
meru,September,2011,26.0°C (78.8°F),22.0°C (71.6°F),16.0°C (60.8°F),15.0°C (59.0°F),55.6mm | 2.19in,21.0kmh | 13.05mph,55.6mb
meru,October,2011,25.0°C (77.0°F),21.0°C (69.8°F),16.0°C (60.8°F),15.0°C (59.0°F),68.8mm | 2.71in,19.0kmh | 11.81mph,68.8mb
meru,November,2011,25.0°C (77.0°F),21.0°C (69.8°F),15.0°C (59.0°F),15.0°C (59.0°F),93.7mm | 3.69in,15.0kmh | 9.32mph,93.7mb
meru,December,2011,23.0°C (73.4°F),19.0°C (66.2°F),14.0°C (57.2°F),15.0°C (59.0°F),87.3mm | 3.44in,16.0kmh | 9.94mph,87.3mb
migori,January,2010,29.0°C (84.2°F),23.0°C (73.4°F),18.0°C (64.4°F),18.0°C (64.4°F),21.1mm | 0.83in,16.0kmh | 9.94mph,21.1mb
migori,February,2010,30.0°C (86.0°F),24.0°C (75.2°F),19.0°C (66.2°F),18.0°C (64.4°F),61.3mm | 2.41in,18.0kmh | 11.18mph,61.3mb
migori,March,2010,28.0°C (82.4°F),23.0°C (73.4°F),18.0°C (64.4°F),18.0°C (64.4°F),88.3mm | 3.48in,16.0kmh | 9.94mph,88.3mb
migori,April,2010,26.0°C (78.8°F),23.0°C (73.4°F),17.0°C (62.6°F),18.0°C (64.4°F),95.3mm | 3.75in,12.0kmh | 7.46mph,95.3mb
migori,May,2010,25.0°C (77.0°F),21.0°C (69.8°F),17.0°C (62.6°F),18.0°C (64.4°F),81.7mm | 3.22in,14.0kmh | 8.7mph,81.7mb
migori,June,2010,24.0°C (75.2°F),21.0°C (69.8°F),17.0°C (62.6°F),18.0°C (64.4°F),66.5mm | 2.62in,13.0kmh | 8.08mph,66.5mb
migori,July,2010,25.0°C (77.0°F),20.0°C (68.0°F),16.0°C (60.8°F),17.0°C (62.6°F),23.1mm | 0.91in,14.0kmh | 8.7mph,23.1mb
migori,August,2010,26.0°C (78.8°F),21.0°C (69.8°F),15.0°C (59.0°F),16.0°C (60.8°F),49.4mm | 1.94in,17.0kmh | 10.56mph,49.4mb
migori,September,2010,27.0°C (80.6°F),22.0°C (71.6°F),16.0°C (60.8°F),17.0°C (62.6°F),29.0mm | 1.14in,19.0kmh | 11.81mph,29.0mb
migori,October,2010,27.0°C (80.6°F),22.0°C (71.6°F),17.0°C (62.6°F),17.0°C (62.6°F),30.9mm | 1.22in,18.0kmh | 11.18mph,30.9mb
migori,November,2010,25.0°C (77.0°F),21.0°C (69.8°F),18.0°C (64.4°F),17.0°C (62.6°F),28.7mm | 1.13in,15.0kmh | 9.32mph,28.7mb
migori,December,2010,26.0°C (78.8°F),21.0°C (69.8°F),16.0°C (60.8°F),16.0°C (60.8°F),16.5mm | 0.65in,15.0kmh | 9.32mph,16.5mb
migori,January,2011,29.0°C (84.2°F),22.0°C (71.6°F),17.0°C (62.6°F),16.0°C (60.8°F),13.7mm | 0.54in,15.0kmh | 9.32mph,13.7mb
migori,February,2011,31.0°C (87.8°F),23.0°C (73.4°F),17.0°C (62.6°F),16.0°C (60.8°F),18.1mm | 0.71in,17.0kmh | 10.56mph,18.1mb
migori,March,2011,33.0°C (91.4°F),25.0°C (77.0°F),17.0°C (62.6°F),17.0°C (62.6°F),49.8mm | 1.96in,17.0kmh | 10.56mph,49.8mb
migori,April,2011,28.0°C (82.4°F),22.0°C (71.6°F),16.0°C (60.8°F),18.0°C (64.4°F),40.0mm | 1.57in,16.0kmh | 9.94mph,40.0mb
migori,May,2011,24.0°C (75.2°F),21.0°C (69.8°F),17.0°C (62.6°F),18.0°C (64.4°F),58.1mm | 2.29in,16.0kmh | 9.94mph,58.1mb
migori,June,2011,24.0°C (75.2°F),20.0°C (68.0°F),17.0°C (62.6°F),18.0°C (64.4°F),32.8mm | 1.29in,12.0kmh | 7.46mph,32.8mb
migori,July,2011,24.0°C (75.2°F),20.0°C (68.0°F),16.0°C (60.8°F),17.0°C (62.6°F),21.6mm | 0.85in,13.0kmh | 8.08mph,21.6mb
migori,August,2011,25.0°C (77.0°F),21.0°C (69.8°F),16.0°C (60.8°F),16.0°C (60.8°F),37.0mm | 1.46in,14.0kmh | 8.7mph,37.0mb
migori,September,2011,26.0°C (78.8°F),21.0°C (69.8°F),16.0°C (60.8°F),16.0°C (60.8°F),57.1mm | 2.25in,17.0kmh | 10.56mph,57.1mb
migori,October,2011,27.0°C (80.6°F),22.0°C (71.6°F),16.0°C (60.8°F),17.0°C (62.6°F),27.9mm | 1.1in,21.0kmh | 13.05mph,27.9mb
migori,November,2011,26.0°C (78.8°F),21.0°C (69.8°F),18.0°C (64.4°F),18.0°C (64.4°F),36.0mm | 1.42in,17.0kmh | 10.56mph,36.0mb
migori,December,2011,25.0°C (77.0°F),21.0°C (69.8°F),18.0°C (64.4°F),18.0°C (64.4°F),30.2mm | 1.19in,14.0kmh | 8.7mph,30.2mb
mombasa,January,2010,33.0°C (91.4°F),29.0°C (84.2°F),26.0°C (78.8°F),24.0°C (75.2°F),41.1mm | 1.62in,28.0kmh | 17.4mph,41.1mb
mombasa,February,2010,34.0°C (93.2°F),30.0°C (86.0°F),27.0°C (80.6°F),24.0°C (75.2°F),10.7mm | 0.42in,22.0kmh | 13.67mph,10.7mb
mombasa,March,2010,33.0°C (91.4°F),30.0°C (86.0°F),27.0°C (80.6°F),25.0°C (77.0°F),19.8mm | 0.78in,21.0kmh | 13.05mph,19.8mb
mombasa,April,2010,31.0°C (87.8°F),29.0°C (84.2°F),26.0°C (78.8°F),25.0°C (77.0°F),22.2mm | 0.87in,28.0kmh | 17.4mph,22.2mb
mombasa,May,2010,31.0°C (87.8°F),29.0°C (84.2°F),26.0°C (78.8°F),24.0°C (75.2°F),15.0mm | 0.59in,35.0kmh | 21.75mph,15.0mb
mombasa,June,2010,30.0°C (86.0°F),28.0°C (82.4°F),26.0°C (78.8°F),23.0°C (73.4°F),17.9mm | 0.7in,40.0kmh | 24.85mph,17.9mb
mombasa,July,2010,29.0°C (84.2°F),26.0°C (78.8°F),24.0°C (75.2°F),22.0°C (71.6°F),20.4mm | 0.8in,42.0kmh | 26.1mph,20.4mb
mombasa,August,2010,29.0°C (84.2°F),26.0°C (78.8°F),23.0°C (73.4°F),21.0°C (69.8°F),6.1mm | 0.24in,42.0kmh | 26.1mph,6.1mb
mombasa,September,2010,29.0°C (84.2°F),26.0°C (78.8°F),23.0°C (73.4°F),21.0°C (69.8°F),4.4mm | 0.17in,31.0kmh | 19.26mph,4.4mb
mombasa,October,2010,31.0°C (87.8°F),28.0°C (82.4°F),24.0°C (75.2°F),22.0°C (71.6°F),5.3mm | 0.21in,26.0kmh | 16.16mph,5.3mb
mombasa,November,2010,31.0°C (87.8°F),28.0°C (82.4°F),25.0°C (77.0°F),23.0°C (73.4°F),7.4mm | 0.29in,20.0kmh | 12.43mph,7.4mb
mombasa,December,2010,32.0°C (89.6°F),29.0°C (84.2°F),25.0°C (77.0°F),24.0°C (75.2°F),4.8mm | 0.19in,21.0kmh | 13.05mph,4.8mb
mombasa,January,2011,33.0°C (91.4°F),29.0°C (84.2°F),26.0°C (78.8°F),24.0°C (75.2°F),14.2mm | 0.56in,29.0kmh | 18.02mph,14.2mb
mombasa,February,2011,35.0°C (95.0°F),31.0°C (87.8°F),26.0°C (78.8°F),24.0°C (75.2°F),7.6mm | 0.3in,23.0kmh | 14.29mph,7.6mb
mombasa,March,2011,34.0°C (93.2°F),30.0°C (86.0°F),26.0°C (78.8°F),24.0°C (75.2°F),18.8mm | 0.74in,23.0kmh | 14.29mph,18.8mb
mombasa,April,2011,34.0°C (93.2°F),30.0°C (86.0°F),26.0°C (78.8°F),24.0°C (75.2°F),6.0mm | 0.24in,24.0kmh | 14.91mph,6.0mb
mombasa,May,2011,31.0°C (87.8°F),29.0°C (84.2°F),25.0°C (77.0°F),22.0°C (71.6°F),6.7mm | 0.26in,35.0kmh | 21.75mph,6.7mb
mombasa,June,2011,30.0°C (86.0°F),28.0°C (82.4°F),24.0°C (75.2°F),22.0°C (71.6°F),3.0mm | 0.12in,39.0kmh | 24.23mph,3.0mb
mombasa,July,2011,29.0°C (84.2°F),27.0°C (80.6°F),23.0°C (73.4°F),21.0°C (69.8°F),3.8mm | 0.15in,48.0kmh | 29.83mph,3.8mb
mombasa,August,2011,29.0°C (84.2°F),26.0°C (78.8°F),24.0°C (75.2°F),21.0°C (69.8°F),2.1mm | 0.08in,41.0kmh | 25.48mph,2.1mb
mombasa,September,2011,30.0°C (86.0°F),27.0°C (80.6°F),24.0°C (75.2°F),22.0°C (71.6°F),8.7mm | 0.34in,34.0kmh | 21.13mph,8.7mb
mombasa,October,2011,31.0°C (87.8°F),28.0°C (82.4°F),25.0°C (77.0°F),23.0°C (73.4°F),21.8mm | 0.86in,33.0kmh | 20.51mph,21.8mb
mombasa,November,2011,32.0°C (89.6°F),29.0°C (84.2°F),25.0°C (77.0°F),24.0°C (75.2°F),13.6mm | 0.54in,26.0kmh | 16.16mph,13.6mb
mombasa,December,2011,33.0°C (91.4°F),30.0°C (86.0°F),26.0°C (78.8°F),24.0°C (75.2°F),36.5mm | 1.44in,33.0kmh | 20.51mph,36.5mb
murang-a,January,2010,26.0°C (78.8°F),21.0°C (69.8°F),16.0°C (60.8°F),16.0°C (60.8°F),14.3mm | 0.56in,19.0kmh | 11.81mph,14.3mb
murang-a,February,2010,28.0°C (82.4°F),22.0°C (71.6°F),17.0°C (62.6°F),16.0°C (60.8°F),9.7mm | 0.38in,16.0kmh | 9.94mph,9.7mb
murang-a,March,2010,26.0°C (78.8°F),22.0°C (71.6°F),17.0°C (62.6°F),17.0°C (62.6°F),20.5mm | 0.81in,17.0kmh | 10.56mph,20.5mb
murang-a,April,2010,26.0°C (78.8°F),22.0°C (71.6°F),17.0°C (62.6°F),17.0°C (62.6°F),14.9mm | 0.59in,14.0kmh | 8.7mph,14.9mb
murang-a,May,2010,25.0°C (77.0°F),21.0°C (69.8°F),17.0°C (62.6°F),17.0°C (62.6°F),47.5mm | 1.87in,11.0kmh | 6.84mph,47.5mb
murang-a,June,2010,25.0°C (77.0°F),20.0°C (68.0°F),17.0°C (62.6°F),16.0°C (60.8°F),8.1mm | 0.32in,10.0kmh | 6.21mph,8.1mb
murang-a,July,2010,25.0°C (77.0°F),20.0°C (68.0°F),15.0°C (59.0°F),14.0°C (57.2°F),6.7mm | 0.26in,11.0kmh | 6.84mph,6.7mb
murang-a,August,2010,28.0°C (82.4°F),22.0°C (71.6°F),16.0°C (60.8°F),15.0°C (59.0°F),17.2mm | 0.68in,12.0kmh | 7.46mph,17.2mb
murang-a,September,2010,27.0°C (80.6°F),22.0°C (71.6°F),16.0°C (60.8°F),15.0°C (59.0°F),7.7mm | 0.3in,13.0kmh | 8.08mph,7.7mb
murang-a,October,2010,28.0°C (82.4°F),23.0°C (73.4°F),16.0°C (60.8°F),15.0°C (59.0°F),13.7mm | 0.54in,14.0kmh | 8.7mph,13.7mb
murang-a,November,2010,26.0°C (78.8°F),21.0°C (69.8°F),16.0°C (60.8°F),16.0°C (60.8°F),19.1mm | 0.75in,16.0kmh | 9.94mph,19.1mb
murang-a,December,2010,26.0°C (78.8°F),21.0°C (69.8°F),14.0°C (57.2°F),15.0°C (59.0°F),7.8mm | 0.31in,17.0kmh | 10.56mph,7.8mb
murang-a,January,2011,28.0°C (82.4°F),23.0°C (73.4°F),13.0°C (55.4°F),13.0°C (55.4°F),1.5mm | 0.06in,18.0kmh | 11.18mph,1.5mb
murang-a,February,2011,32.0°C (89.6°F),26.0°C (78.8°F),15.0°C (59.0°F),15.0°C (59.0°F),18.0mm | 0.71in,19.0kmh | 11.81mph,18.0mb
murang-a,March,2011,29.0°C (84.2°F),23.0°C (73.4°F),15.0°C (59.0°F),15.0°C (59.0°F),14.3mm | 0.56in,18.0kmh | 11.18mph,14.3mb
murang-a,April,2011,28.0°C (82.4°F),22.0°C (71.6°F),15.0°C (59.0°F),16.0°C (60.8°F),10.1mm | 0.4in,16.0kmh | 9.94mph,10.1mb
murang-a,May,2011,26.0°C (78.8°F),22.0°C (71.6°F),16.0°C (60.8°F),16.0°C (60.8°F),54.0mm | 2.13in,13.0kmh | 8.08mph,54.0mb
murang-a,June,2011,27.0°C (80.6°F),22.0°C (71.6°F),15.0°C (59.0°F),16.0°C (60.8°F),28.6mm | 1.13in,11.0kmh | 6.84mph,28.6mb
murang-a,July,2011,26.0°C (78.8°F),21.0°C (69.8°F),16.0°C (60.8°F),16.0°C (60.8°F),36.5mm | 1.44in,14.0kmh | 8.7mph,36.5mb
murang-a,August,2011,26.0°C (78.8°F),21.0°C (69.8°F),16.0°C (60.8°F),15.0°C (59.0°F),36.9mm | 1.45in,11.0kmh | 6.84mph,36.9mb
murang-a,September,2011,27.0°C (80.6°F),22.0°C (71.6°F),16.0°C (60.8°F),15.0°C (59.0°F),21.8mm | 0.86in,13.0kmh | 8.08mph,21.8mb
murang-a,October,2011,28.0°C (82.4°F),23.0°C (73.4°F),17.0°C (62.6°F),16.0°C (60.8°F),14.6mm | 0.57in,16.0kmh | 9.94mph,14.6mb
murang-a,November,2011,27.0°C (80.6°F),22.0°C (71.6°F),16.0°C (60.8°F),16.0°C (60.8°F),14.9mm | 0.59in,18.0kmh | 11.18mph,14.9mb
murang-a,December,2011,26.0°C (78.8°F),21.0°C (69.8°F),16.0°C (60.8°F),17.0°C (62.6°F),71.0mm | 2.8in,19.0kmh | 11.81mph,71.0mb
nairobi-city,January,2010,26.0°C (78.8°F),21.0°C (69.8°F),16.0°C (60.8°F),17.0°C (62.6°F),14.7mm | 0.58in,19.0kmh | 11.81mph,14.7mb
nairobi-city,February,2010,28.0°C (82.4°F),22.0°C (71.6°F),17.0°C (62.6°F),17.0°C (62.6°F),12.2mm | 0.48in,18.0kmh | 11.18mph,12.2mb
nairobi-city,March,2010,26.0°C (78.8°F),21.0°C (69.8°F),17.0°C (62.6°F),18.0°C (64.4°F),35.2mm | 1.39in,19.0kmh | 11.81mph,35.2mb
nairobi-city,April,2010,26.0°C (78.8°F),22.0°C (71.6°F),17.0°C (62.6°F),17.0°C (62.6°F),10.7mm | 0.42in,15.0kmh | 9.32mph,10.7mb
nairobi-city,May,2010,24.0°C (75.2°F),21.0°C (69.8°F),17.0°C (62.6°F),17.0°C (62.6°F),56.8mm | 2.24in,12.0kmh | 7.46mph,56.8mb
nairobi-city,June,2010,24.0°C (75.2°F),20.0°C (68.0°F),16.0°C (60.8°F),16.0°C (60.8°F),15.4mm | 0.61in,10.0kmh | 6.21mph,15.4mb
nairobi-city,July,2010,24.0°C (75.2°F),20.0°C (68.0°F),15.0°C (59.0°F),15.0°C (59.0°F),12.1mm | 0.48in,12.0kmh | 7.46mph,12.1mb
nairobi-city,August,2010,30.0°C (86.0°F),23.0°C (73.4°F),15.0°C (59.0°F),15.0°C (59.0°F),21.3mm | 0.84in,12.0kmh | 7.46mph,21.3mb
nairobi-city,September,2010,27.0°C (80.6°F),22.0°C (71.6°F),16.0°C (60.8°F),15.0°C (59.0°F),10.8mm | 0.43in,13.0kmh | 8.08mph,10.8mb
nairobi-city,October,2010,27.0°C (80.6°F),23.0°C (73.4°F),16.0°C (60.8°F),15.0°C (59.0°F),13.9mm | 0.55in,16.0kmh | 9.94mph,13.9mb
nairobi-city,November,2010,25.0°C (77.0°F),21.0°C (69.8°F),16.0°C (60.8°F),16.0°C (60.8°F),19.0mm | 0.75in,17.0kmh | 10.56mph,19.0mb
nairobi-city,December,2010,26.0°C (78.8°F),21.0°C (69.8°F),15.0°C (59.0°F),16.0°C (60.8°F),10.3mm | 0.41in,17.0kmh | 10.56mph,10.3mb
nairobi-city,January,2011,29.0°C (84.2°F),23.0°C (73.4°F),14.0°C (57.2°F),14.0°C (57.2°F),6.0mm | 0.24in,19.0kmh | 11.81mph,6.0mb
nairobi-city,February,2011,34.0°C (93.2°F),27.0°C (80.6°F),15.0°C (59.0°F),16.0°C (60.8°F),25.5mm | 1.0in,20.0kmh | 12.43mph,25.5mb
nairobi-city,March,2011,29.0°C (84.2°F),23.0°C (73.4°F),16.0°C (60.8°F),16.0°C (60.8°F),36.0mm | 1.42in,19.0kmh | 11.81mph,36.0mb
nairobi-city,April,2011,28.0°C (82.4°F),22.0°C (71.6°F),15.0°C (59.0°F),17.0°C (62.6°F),20.8mm | 0.82in,16.0kmh | 9.94mph,20.8mb
nairobi-city,May,2011,25.0°C (77.0°F),21.0°C (69.8°F),16.0°C (60.8°F),17.0°C (62.6°F),46.2mm | 1.82in,13.0kmh | 8.08mph,46.2mb
nairobi-city,June,2011,26.0°C (78.8°F),21.0°C (69.8°F),16.0°C (60.8°F),16.0°C (60.8°F),19.7mm | 0.78in,11.0kmh | 6.84mph,19.7mb
nairobi-city,July,2011,25.0°C (77.0°F),21.0°C (69.8°F),16.0°C (60.8°F),16.0°C (60.8°F),37.2mm | 1.46in,13.0kmh | 8.08mph,37.2mb
nairobi-city,August,2011,25.0°C (77.0°F),21.0°C (69.8°F),15.0°C (59.0°F),15.0°C (59.0°F),29.9mm | 1.18in,12.0kmh | 7.46mph,29.9mb
nairobi-city,September,2011,27.0°C (80.6°F),22.0°C (71.6°F),16.0°C (60.8°F),15.0°C (59.0°F),18.2mm | 0.72in,15.0kmh | 9.32mph,18.2mb
nairobi-city,October,2011,28.0°C (82.4°F),23.0°C (73.4°F),17.0°C (62.6°F),16.0°C (60.8°F),19.6mm | 0.77in,20.0kmh | 12.43mph,19.6mb
nairobi-city,November,2011,27.0°C (80.6°F),23.0°C (73.4°F),17.0°C (62.6°F),16.0°C (60.8°F),32.6mm | 1.28in,20.0kmh | 12.43mph,32.6mb
nairobi-city,December,2011,25.0°C (77.0°F),21.0°C (69.8°F),17.0°C (62.6°F),17.0°C (62.6°F),63.2mm | 2.49in,21.0kmh | 13.05mph,63.2mb
nakuru,January,2010,27.0°C (80.6°F),20.0°C (68.0°F),13.0°C (55.4°F),14.0°C (57.2°F),20.7mm | 0.81in,16.0kmh | 9.94mph,20.7mb
nakuru,February,2010,29.0°C (84.2°F),22.0°C (71.6°F),15.0°C (59.0°F),14.0°C (57.2°F),15.0mm | 0.59in,18.0kmh | 11.18mph,15.0mb
nakuru,March,2010,26.0°C (78.8°F),20.0°C (68.0°F),15.0°C (59.0°F),15.0°C (59.0°F),111.2mm | 4.38in,15.0kmh | 9.32mph,111.2mb
nakuru,April,2010,25.0°C (77.0°F),21.0°C (69.8°F),15.0°C (59.0°F),16.0°C (60.8°F),12.1mm | 0.48in,14.0kmh | 8.7mph,12.1mb
nakuru,May,2010,23.0°C (73.4°F),19.0°C (66.2°F),15.0°C (59.0°F),16.0°C (60.8°F),129.6mm | 5.1in,20.0kmh | 12.43mph,129.6mb
nakuru,June,2010,24.0°C (75.2°F),18.0°C (64.4°F),13.0°C (55.4°F),15.0°C (59.0°F),16.1mm | 0.63in,18.0kmh | 11.18mph,16.1mb
nakuru,July,2010,23.0°C (73.4°F),18.0°C (64.4°F),13.0°C (55.4°F),14.0°C (57.2°F),33.3mm | 1.31in,18.0kmh | 11.18mph,33.3mb
nakuru,August,2010,25.0°C (77.0°F),19.0°C (66.2°F),13.0°C (55.4°F),14.0°C (57.2°F),17.6mm | 0.69in,18.0kmh | 11.18mph,17.6mb
nakuru,September,2010,26.0°C (78.8°F),19.0°C (66.2°F),12.0°C (53.6°F),14.0°C (57.2°F),21.3mm | 0.84in,18.0kmh | 11.18mph,21.3mb
nakuru,October,2010,26.0°C (78.8°F),20.0°C (68.0°F),13.0°C (55.4°F),14.0°C (57.2°F),19.9mm | 0.78in,15.0kmh | 9.32mph,19.9mb
nakuru,November,2010,24.0°C (75.2°F),19.0°C (66.2°F),13.0°C (55.4°F),14.0°C (57.2°F),23.2mm | 0.91in,13.0kmh | 8.08mph,23.2mb
nakuru,December,2010,25.0°C (77.0°F),19.0°C (66.2°F),10.0°C (50.0°F),11.0°C (51.8°F),7.3mm | 0.29in,14.0kmh | 8.7mph,7.3mb
nakuru,January,2011,26.0°C (78.8°F),20.0°C (68.0°F),10.0°C (50.0°F),10.0°C (50.0°F),2.8mm | 0.11in,16.0kmh | 9.94mph,2.8mb
nakuru,February,2011,27.0°C (80.6°F),22.0°C (71.6°F),11.0°C (51.8°F),11.0°C (51.8°F),8.7mm | 0.34in,17.0kmh | 10.56mph,8.7mb
nakuru,March,2011,29.0°C (84.2°F),21.0°C (69.8°F),13.0°C (55.4°F),14.0°C (57.2°F),29.0mm | 1.14in,14.0kmh | 8.7mph,29.0mb
nakuru,April,2011,27.0°C (80.6°F),20.0°C (68.0°F),14.0°C (57.2°F),15.0°C (59.0°F),22.0mm | 0.87in,14.0kmh | 8.7mph,22.0mb
nakuru,May,2011,25.0°C (77.0°F),19.0°C (66.2°F),13.0°C (55.4°F),14.0°C (57.2°F),53.6mm | 2.11in,19.0kmh | 11.81mph,53.6mb
nakuru,June,2011,24.0°C (75.2°F),19.0°C (66.2°F),13.0°C (55.4°F),14.0°C (57.2°F),17.7mm | 0.7in,12.0kmh | 7.46mph,17.7mb
nakuru,July,2011,23.0°C (73.4°F),19.0°C (66.2°F),12.0°C (53.6°F),14.0°C (57.2°F),21.5mm | 0.85in,17.0kmh | 10.56mph,21.5mb
nakuru,August,2011,23.0°C (73.4°F),18.0°C (64.4°F),13.0°C (55.4°F),15.0°C (59.0°F),37.6mm | 1.48in,17.0kmh | 10.56mph,37.6mb
nakuru,September,2011,24.0°C (75.2°F),20.0°C (68.0°F),14.0°C (57.2°F),15.0°C (59.0°F),42.2mm | 1.66in,19.0kmh | 11.81mph,42.2mb
nakuru,October,2011,26.0°C (78.8°F),20.0°C (68.0°F),14.0°C (57.2°F),13.0°C (55.4°F),10.3mm | 0.41in,18.0kmh | 11.18mph,10.3mb
nakuru,November,2011,25.0°C (77.0°F),20.0°C (68.0°F),14.0°C (57.2°F),14.0°C (57.2°F),16.7mm | 0.66in,14.0kmh | 8.7mph,16.7mb
nakuru,December,2011,23.0°C (73.4°F),19.0°C (66.2°F),14.0°C (57.2°F),15.0°C (59.0°F),67.4mm | 2.65in,15.0kmh | 9.32mph,67.4mb
